{
    "RegressaoLogistica": {
        "accuracy": 0.984,
        "precision": 0.9508196721311475,
        "recall": 0.9830508474576272,
        "f1_score": 0.9666666666666667,
        "roc_auc": 0.9988704262430859
    },
    "RandomForest": {
        "accuracy": 0.986,
        "precision": 0.9586776859504132,
        "recall": 0.9830508474576272,
        "f1_score": 0.9707112970711297,
        "roc_auc": 0.9987422476607409
    },
    "GradientBoosting": {
        "accuracy": 0.986,
        "precision": 0.9757142857142858,
        "recall": 0.9646892655367232,
        "f1_score": 0.9701704545454546,
        "roc_auc": 0.9992001163467132
    },
    "best_model": "GradientBoosting"
}